book_id,title,author,genre,publish_year,total_copies
B0001,Executive range loss from everybody,Donald Douglas,Mystery,1982,4
B0002,Could military drive,Scott Patrick,Fantasy,2000,4
B0003,Produce race return pretty,Deanna Barnes MD,Science,2005,6
B0004,On yes,Grace Reeves,Fiction,2000,3
B0005,Point little wait grow feel,Matthew Grant,Biography,2013,1
B0006,Best campaign else,Pamela White,Technology,1997,2
B0007,Pressure develop development the,Stephen Watson,Poetry,2002,6
B0008,Family surface like term on,Andrea Preston,Fiction,1984,4
B0009,Build quite morning including,Brittany Gay,Poetry,2009,7
B0010,Important notice trade leader,Mike Maxwell,Poetry,2014,1
B0011,Forward would finish around,Daniel Ayala,Biography,1995,2
B0012,Share majority shake because pass,Jennifer Sanford,Sci-Fi,2014,4
B0013,Above move room wear,Nicole Schmidt,Romance,1985,1
B0014,Quality phone,Michael Cooper,Biography,1980,7
B0015,Bill me fill,Angel Fry,Romance,1982,4
B0016,Road others full thousand,Grace Valenzuela MD,Fantasy,2004,7
B0017,Close trade speech,Danny Mercer,Mystery,1994,7
B0018,Safe operation college,Matthew Johnson,History,2014,1
B0019,Side perhaps order,Brian Huff,History,1993,4
B0020,Ready indicate,Joshua Wells,Fiction,2018,1
B0021,Day rate act,Brian Meyer,Technology,1992,7
B0022,Paper case store bit responsibility,Brian Rodriguez,Sci-Fi,2012,6
B0023,Participant sing story,Heather Ortiz,Poetry,2006,7
B0024,Always many debate,Erin Smith,Poetry,2006,2
B0025,Trade structure,Brittany Davis,Science,2017,6
B0026,Avoid rich toward popular lead,Deborah Williams,Biography,1987,6
B0027,Them system growth,Jessica Wilson,Technology,1998,6
B0028,Act catch,Erin Kline,Poetry,1999,1
B0029,Environmental run head garden box,Jesus Houston,Self-Help,2019,6
B0030,Son power someone both,Amy Dunlap,Fantasy,2017,7
B0031,Billion treat lot,Jessica Carr,Mystery,1998,6
B0032,Particularly television they road,Karen Freeman,Technology,1982,2
B0033,Key as pressure actually,Kelly Manning,Technology,1988,4
B0034,Difference what their mind read,Jessica Barber,Biography,2024,7
B0035,Generation put his stuff,Victoria Brown,Self-Help,1998,7
B0036,Measure light many,Paul Flores,Biography,1993,6
B0037,Wife anyone development poor,David Stevens,History,2015,1
B0038,Large task language budget market,Ashley Gutierrez,Self-Help,2012,4
B0039,Near stay social white point,Kristina Pena,Self-Help,1993,3
B0040,Wear guy approach development,Justin Harvey,History,2014,1
B0041,Respond guy laugh best,April Kelly,Poetry,1993,6
B0042,Natural hear blood,Katherine Underwood,Self-Help,1983,3
B0043,Blood particularly could us,Jim Harrington,Biography,2007,2
B0044,Blue increase unit study,Patricia Hayes,Self-Help,2001,1
B0045,What care material morning any,Sara Webb,Science,1995,5
B0046,Sit travel reality community spring,Matthew Obrien,Fiction,2009,4
B0047,Mean his woman trouble,Denise Stuart,Technology,1990,6
B0048,Laugh card include,Nicole Evans,Sci-Fi,2000,7
B0049,Team Republican very plan cut,Donna Reed,History,1984,4
B0050,Wonder practice when,Melissa Morris,History,1982,4
B0051,Set no,Terri Mckinney,Fiction,1988,5
B0052,Experience suggest space mission agent,Michael Gonzalez,Self-Help,1983,3
B0053,Worker raise chair,Richard Harris,Fiction,2013,1
B0054,Allow sport bill test science,Natalie Hoffman,Science,2024,7
B0055,Memory someone receive,Amber James,Science,1991,6
B0056,What wish fine need,David Oliver,Self-Help,1998,2
B0057,Stop treatment relate positive,Kimberly Morrison,Biography,2008,6
B0058,Family concern radio,Christopher Palmer,Science,2000,3
B0059,American evidence enough claim,Abigail Owens,Mystery,1999,1
B0060,Always up others,Lori Cameron,Technology,1983,7
B0061,Make of group,Emily Robinson,Romance,2007,4
B0062,Minute skill city,Jennifer Bailey,Biography,2001,4
B0063,Professional former family,Lisa Wells,Technology,2001,4
B0064,Statement wonder across protect knowledge,Lisa Oliver,Sci-Fi,2003,2
B0065,Radio fly,Theresa Cruz,Poetry,2020,1
B0066,Rich agency might side method,Katelyn Phillips,Science,2002,6
B0067,Fly bank benefit,Patricia Ferguson,Mystery,2001,1
B0068,Assume prove similar ten interest,Joshua Park,Sci-Fi,1996,5
B0069,Position vote section child,Gary Miller,Mystery,2005,3
B0070,Concern edge,Roberto Bartlett,Science,1998,4
B0071,Hold picture item admit,Kimberly May,Fantasy,1980,1
B0072,As second animal summer group,Donna Jennings,Fiction,2014,6
B0073,Beat she join house produce,Joseph Taylor,Technology,2024,4
B0074,Someone support far plant,Stephen Sanford,Science,1992,5
B0075,Whatever action themselves center,Kenneth Long,Mystery,1987,3
B0076,Water fight security tough gas,Matthew Hunt,Biography,2012,2
B0077,Contain pattern education,Michael Bradley,Romance,2000,5
B0078,Surface usually,Julia Dunn MD,Fiction,2021,3
B0079,Economy culture,Tiffany Howard,Mystery,2020,1
B0080,Beyond people too,Jerry Jensen,Science,2016,1
B0081,Really charge note,Tina Jackson,Self-Help,1996,5
B0082,East develop science job,Brandy Quinn,Technology,2018,7
B0083,Leg grow figure necessary,Lawrence Wilkinson,Self-Help,2018,5
B0084,Through cultural safe,Monica Mcclain,Poetry,1998,3
B0085,Place spend often shoulder,Andrew Green,Fiction,2019,4
B0086,Line simple hand development sign,Donna Marshall,Technology,1991,5
B0087,Bed hair action draw who,Miss Nicole Taylor,History,2024,4
B0088,Condition we process,Nancy Webb,Fiction,2024,2
B0089,American seven discussion enough,Michael Holmes,Romance,2007,2
B0090,Hold truth thing always,Ashley Schmitt,History,1987,1
B0091,Strong enjoy name,Matthew Diaz,Poetry,2002,6
B0092,Might heavy,Kelli Gomez,Romance,1999,2
B0093,Main lot page maybe,Christopher Jones,Sci-Fi,1981,4
B0094,Deep cost gun,Bailey Hall,Fiction,2015,2
B0095,Result loss long decision,Roy Johnson,History,1998,7
B0096,Campaign or,Jose Macdonald,Science,1999,1
B0097,Argue election conference,Linda Elliott,Fiction,1991,2
B0098,These road,Theresa Robinson,Technology,1994,1
B0099,Yeah test color store over,Samantha White,Romance,1981,7
B0100,Enough right garden law opportunity,James Rodriguez,Self-Help,1989,2
B0101,Mission training range,Lisa Thompson,Technology,1990,5
B0102,Outside there mother sell behavior,Stephanie Ryan,Fantasy,1993,2
B0103,To simple,Kelly Wood,Technology,1988,1
B0104,Recently investment,Karen Mack,Romance,2007,3
B0105,Open scientist seven recent,Cesar Woods,Biography,1985,3
B0106,Travel base our,Deanna Smith,History,1981,5
B0107,Official brother,Matthew Watts,Mystery,1982,6
B0108,Impact blood international one,Joshua Cunningham,Science,1981,1
B0109,Every quite sense including six,Mr. Justin King,Self-Help,1991,3
B0110,Officer similar huge,Scott Wilson,Poetry,1980,7
B0111,Land record class,James Morgan,Fantasy,2016,5
B0112,Pass range appear home player,Samantha Ruiz,Fiction,2010,1
B0113,Itself ask develop bag also,William Mendez,Romance,2003,1
B0114,Expert white arm similar compare,Adam Jefferson DVM,Mystery,2007,5
B0115,Experience almost outside middle discuss,Andrew Allen,Mystery,2022,2
B0116,Wish beautiful,James Caldwell,Biography,2014,5
B0117,Only military say attention,Duane Gallegos,Romance,1988,5
B0118,Give white everybody paper create,Laura Green,Mystery,2009,4
B0119,Media next me future,Jose Scott,Sci-Fi,2011,3
B0120,Spend offer reason whom none,Nina Ali,Technology,2007,4
B0121,Race to television loss,James Kramer,Self-Help,2002,3
B0122,Quality discover firm,Kelli Smith,Fantasy,2015,4
B0123,Eat behavior purpose,Angela Velazquez,Fiction,2003,7
B0124,Finish despite off consumer,Tara Lee,Sci-Fi,2007,5
B0125,Dog drug enter,Ruben Huff,Romance,1983,5
B0126,Choose blood turn put,Lisa Duran,Science,1980,1
B0127,When summer he firm together,Laura Hill,Biography,1998,5
B0128,Worker trouble exactly,Kenneth Brown,Fantasy,1997,4
B0129,Long must maybe hour,Carrie Bray,Technology,2022,7
B0130,Least ready activity decision ok,Louis Green,Poetry,1990,1
B0131,Enjoy especially when gas contain,Jason Goodwin,Fiction,2017,5
B0132,Take evidence conference capital,Crystal Garcia,Science,2013,4
B0133,Sound new task,Robert Rodgers,Science,1991,6
B0134,South computer matter yet,Kelly Le,Fiction,2010,4
B0135,Feel no nothing huge,Amy Cervantes,Fiction,2024,2
B0136,Stuff benefit seat employee,Justin Patrick,History,2009,3
B0137,After building test white,Kenneth Banks,Technology,1990,5
B0138,Without expect foot,Patricia Griffin,Biography,2005,3
B0139,High expert,Brianna Jackson,Mystery,2022,3
B0140,Instead partner if trade,Greg Edwards,Fantasy,1985,3
B0141,Report painting house,Priscilla Mcmillan,History,2009,2
B0142,Minute late cold take by,David Manning,History,2016,2
B0143,Decision however,Timothy Kennedy,History,2014,7
B0144,Ago however,Angela Baker,Mystery,1983,2
B0145,Base use hope,Oscar Ramos,Self-Help,2008,5
B0146,Capital stuff agreement,Shannon Nguyen,Poetry,1996,5
B0147,Level that various nature,Travis Ryan,Mystery,1983,5
B0148,Our piece player nor model,Emily Reed,History,2020,1
B0149,Dinner become film include choose,Joseph Chang,Sci-Fi,2024,6
B0150,Gas light across,Theresa Woods,History,2002,3
B0151,She something,Rebecca Kelley,Technology,2021,2
B0152,In night house,Omar Price,Technology,2000,6
B0153,Determine bad personal might,Lisa Benson,History,2023,3
B0154,Expect sea speak,Scott White,Romance,1983,3
B0155,Book lay laugh,Katherine Flores,Fiction,2007,7
B0156,Anyone movement control,Derrick Espinoza,Science,2014,5
B0157,Do character,Glenn Collins DDS,Sci-Fi,1990,4
B0158,Less social form such,Amy Rowe,Technology,1996,3
B0159,Myself consider,Danielle James,Sci-Fi,2019,6
B0160,Business should,Ray Ramos,Self-Help,2003,2
B0161,Current same,Maxwell Clark,Technology,2016,7
B0162,Race fine follow pick,Timothy Meyer,History,1987,4
B0163,Loss federal growth,Melvin Mcpherson,History,1996,5
B0164,Plan foot cold,Bryan Mccormick,Biography,1998,7
B0165,Why ok,Melissa Moore,Poetry,2013,3
B0166,Eat matter,Gina Booker,Mystery,2024,7
B0167,Art green child movie blue,Eugene Grant DDS,Mystery,2000,6
B0168,South just cover ready,Chad Roach,Poetry,2018,4
B0169,Religious next my majority,Kimberly Morris,History,1996,4
B0170,Every story trial never,Christopher Phillips,Self-Help,1991,6
B0171,Must law simply,Morgan Andrade,Fiction,1998,2
B0172,Task simply draw return probably,Jasmine Warren,Biography,2011,6
B0173,She child executive important,Brent Hopkins,Romance,2015,6
B0174,Strong candidate,Christina Washington,Poetry,2012,6
B0175,All politics,John Hanson,Science,2002,7
B0176,Eight hand paper audience us,John Preston,Poetry,1990,1
B0177,Life police,Patrick Zamora,Technology,1996,3
B0178,Some around pay more,Sandra Miller,History,1993,3
B0179,Whether best rise,Chelsey Fox,Sci-Fi,2007,3
B0180,Now way next,Nichole Miranda,Biography,1986,5
B0181,Group learn professor third coach,James Morgan,Technology,1988,4
B0182,Move outside value,Krista Shea,Fiction,1996,1
B0183,Include plan step food,Joshua Brooks,Fiction,2011,3
B0184,Unit effect which language however,Victoria Larson,Mystery,1982,3
B0185,Career three according worker Democrat,Raymond Harding,History,1992,7
B0186,Try memory number,Anna Stevens,Romance,1995,2
B0187,Catch happen old,Robert Davis,Mystery,2008,6
B0188,Notice design baby foot,Mr. Steven Warner,Poetry,1982,6
B0189,Organization feel,Laura Miller,Fantasy,2021,6
B0190,Two free,Jessica Conrad,History,1995,4
B0191,Thank dinner present,Alexandra Waters,Sci-Fi,2020,3
B0192,Approach modern floor north,Michael Hernandez,Science,2009,1
B0193,Wife send offer bed,Richard Hernandez,Technology,1998,2
B0194,Bar number any human,Jonathan Ayala,Science,2005,1
B0195,Seven lose cup,Kenneth Hoffman,Science,1986,6
B0196,East author since food under,Michael Henderson,Romance,1982,1
B0197,Couple general pretty show,Gregory Underwood,Biography,2004,5
B0198,Perhaps key under do,Brittney Chandler,Fiction,1994,5
B0199,Both approach,Tammy Melton,Science,1987,5
B0200,Add really born,Alexander Clark,Self-Help,1980,4
B0201,Deep national seek nature performance,Melissa Barnett MD,Technology,1981,7
B0202,Analysis color exist smile peace,Matthew Smith,Science,2002,1
B0203,Produce production tree growth,Eduardo Ware,Sci-Fi,1993,4
B0204,Discuss herself with between,Sean Schmidt,Mystery,1990,3
B0205,Current whom night,Amanda Nielsen,Science,1982,6
B0206,Four hotel church,Harold Garrett,Sci-Fi,2024,5
B0207,You without every,David Hughes,Technology,2017,2
B0208,Want we,Glenn Long,Science,1996,7
B0209,Because him whether,Lori Perez,Sci-Fi,2021,4
B0210,Of interview fine,Joann Anderson,Mystery,1981,2
B0211,Ok range dark,Michael Roach,Fantasy,1992,7
B0212,Involve training show,Krystal Moore,Sci-Fi,2018,3
B0213,Newspaper we,Evan Hobbs,Science,2002,6
B0214,She they,Jason Ramos,Science,2006,6
B0215,Charge could capital,William Jensen,Romance,2018,1
B0216,Note discuss discussion reach grow,Karen Shaw,Fiction,2020,6
B0217,Light power contain hold listen,Darrell Ortiz,History,1992,5
B0218,Understand wear,Michael Harris,Technology,1998,1
B0219,At until worry,Katherine Nguyen,Self-Help,2001,7
B0220,Thought into simply part,Michelle Long,Fiction,2002,6
B0221,Order modern then skin minute,Ronald Williams,Fantasy,1989,4
B0222,Million how same,Kelli Mccoy,Science,1999,2
B0223,Couple keep,Patricia Mitchell,Sci-Fi,2007,6
B0224,Institution party approach,Brenda Gallegos,Biography,2003,7
B0225,Bed may conference one,Kimberly Long,Mystery,2009,7
B0226,Late condition opportunity Republican,Jesse Wright,Biography,1992,3
B0227,Responsibility but box,Jack Mills,Romance,1987,2
B0228,Risk window partner civil,Amanda Jackson,Romance,2010,6
B0229,Not process change than,Michael Barnes,Sci-Fi,1997,2
B0230,Role which eye,Steven Horne,Poetry,2020,4
B0231,Performance education,Scott Stephens,Fiction,1994,1
B0232,Part management,Matthew Chavez,Fiction,2008,2
B0233,Bag outside each natural,Kristin Bryan,Sci-Fi,2011,6
B0234,Continue area,Charles Johnson,Mystery,1996,7
B0235,Study fear turn any indicate,Michael Carr,Science,1987,1
B0236,Occur no whom see growth,Randy Morris,Mystery,1984,4
B0237,Star serve successful assume,Bryan Villarreal,Self-Help,2008,4
B0238,Money modern receive partner,Nicholas Fuller,Poetry,1980,3
B0239,Low read,Victoria Mitchell,Technology,1988,3
B0240,Summer employee offer perhaps until,Kathleen Daniel,Sci-Fi,2023,4
B0241,Manage conference participant remember,April Johnson,Biography,1997,7
B0242,Someone scene debate past increase,Gregory Shaffer,Technology,1992,3
B0243,Action cut example,Elizabeth Hunter,Fiction,1985,4
B0244,Short box four how,Toni Collier,Technology,2016,1
B0245,Form full public,Rebecca Brewer,Fantasy,2002,2
B0246,Choice leave tend time,Robert Reilly,Fiction,2006,1
B0247,Strong federal,Emily Herrera,Science,1989,7
B0248,Officer forward trouble,Andrea Hernandez,Romance,2000,5
B0249,Fund heart,Carol Obrien,Poetry,1992,5
B0250,Organization ten seem,Emily Johnson,Fiction,2003,4
B0251,Beautiful theory he stop,Joseph Thompson,Poetry,1996,4
B0252,Size sing tree kitchen,John Porter,Self-Help,2009,1
B0253,Future low them,Garrett Hammond,History,1999,3
B0254,State visit,Brandi Hardy,Technology,1991,5
B0255,Hold ten break financial,Ryan Wiggins,Fantasy,1996,5
B0256,Level animal minute probably,Kenneth Collins,Mystery,2018,4
B0257,Fly court everybody,Jeremy Wilson,Self-Help,2014,7
B0258,Church boy when,Ashley Daniels,Sci-Fi,1993,3
B0259,Five center region exist each,Louis Morgan,Self-Help,1986,1
B0260,Anything ahead tough anyone,Brandon Myers,Sci-Fi,2016,5
B0261,Through picture real knowledge green,Craig Chang,Biography,2010,2
B0262,Bad type share nothing behavior,Melissa Davis,Self-Help,1988,6
B0263,Range report let,Danny Callahan,Poetry,2001,1
B0264,Election guy contain true form,Erika Freeman,Biography,2024,7
B0265,Little goal,Christopher Tate,Sci-Fi,1988,7
B0266,Offer meet if research blood,Andrea Turner,Biography,1997,3
B0267,Husband including per nature,Janet Peterson,Mystery,2023,4
B0268,Issue woman note garden reason,Michael Stevenson,History,2007,6
B0269,Student boy other foot best,Eric Sullivan,Mystery,1980,4
B0270,Board sport side her management,Ann Montoya,History,2022,3
B0271,Tough player a chair chance,Jean Lane,Self-Help,1989,5
B0272,Day theory feel,Meghan Sellers,History,1989,6
B0273,Response trip wrong old,Kayla Abbott,History,2017,2
B0274,Artist too whose,Justin Irwin,Mystery,1996,4
B0275,Technology tend,Michael Long,Fantasy,2014,1
B0276,Republican image itself deep,Charles Peters,Technology,2017,1
B0277,Style child young prove,Benjamin Smith,Mystery,2003,5
B0278,Price window career case,Shannon English,Poetry,2004,4
B0279,Us perhaps lawyer interest star,Darius Coleman,Fantasy,2005,6
B0280,Official suggest,Jonathan Jenkins,Fiction,1999,7
B0281,Office almost also low happy,Tonya Miller,Fiction,2019,4
B0282,Worker worker single let back,Ann Kennedy,Fantasy,1991,3
B0283,Range much,Lisa Berger,Mystery,2021,3
B0284,Sing light mention light safe,Tyler Yates,Self-Help,2013,5
B0285,Cold reason our,Richard Green,Mystery,1986,5
B0286,List college appear wrong speak,Donna Miller,Self-Help,2012,7
B0287,Baby six edge past,David Figueroa,Fantasy,1986,4
B0288,Company option character land space,Michael Washington,Self-Help,1991,3
B0289,Television garden base certain value,Jon Chaney,History,2015,5
B0290,Draw key point decision,Haley May,Romance,2015,7
B0291,Apply less,John Vaughan,Technology,1988,3
B0292,Do raise hope enjoy most,Dylan Salinas,Science,2012,7
B0293,Question which raise American,Marcia Blanchard,Self-Help,1987,5
B0294,Particular present evening establish,Dawn Silva,Mystery,1983,3
B0295,Significant see same open,George Vaughn,Self-Help,2008,2
B0296,Finish action across,Jason Fox,Sci-Fi,2007,5
B0297,Goal rise edge alone,Amy Wheeler,Romance,2023,2
B0298,Wear point remain,Scott Anderson,Biography,2005,1
B0299,Sort continue book contain far,Angela Chavez,Romance,1984,4
B0300,Show realize property,Dawn Norman,Sci-Fi,1990,7
B0301,Since him four,Tyler Baker,Mystery,2020,1
B0302,Attorney woman customer hotel,Ashley Fernandez,Poetry,2005,4
B0303,Despite poor tree resource,Benjamin Duncan,Romance,2021,1
B0304,Since affect marriage,April Johnson,Fantasy,2004,2
B0305,Entire record toward off,Teresa Henry,Poetry,2024,3
B0306,Identify road speech audience,James Norris,Poetry,1992,5
B0307,Building movement yard four,Anthony Shea,Science,2019,4
B0308,Half table,Ryan Hodges,Poetry,2022,1
B0309,Possible computer always,Connor Dominguez,Fiction,2017,6
B0310,Piece grow,Mark Moss,Self-Help,2010,1
B0311,Along agent you,James Sparks,Sci-Fi,2005,1
B0312,Matter who speech,Alexis Morgan,Sci-Fi,1984,4
B0313,Skin amount brother southern,Judy Gregory,Biography,2020,3
B0314,Chance often under already center,Kaitlin Hardin,Science,2012,2
B0315,Drug possible,Mark Conway,Mystery,2006,2
B0316,Lay color,Sabrina Rodriguez,Fantasy,2000,6
B0317,Organization past as dark,Russell Rojas,History,1985,6
B0318,Food wish office case,Rebecca Duran,Mystery,1997,6
B0319,Community as event serious collection,Christopher Sanchez,Fantasy,1992,7
B0320,American beyond suggest partner sing,John Smith,Technology,2009,6
B0321,Unit religious order,Michael Sparks,Science,2023,5
B0322,Realize deal policy mission,Todd Bishop,Poetry,2023,1
B0323,Other response,Anita Serrano,Fiction,1990,5
B0324,Girl above dog,Joseph Davis,Sci-Fi,1990,7
B0325,Television would medical less,Christine Brown,Mystery,2020,4
B0326,Someone rate,Kara Thompson,Technology,2005,6
B0327,Approach hair,David Jensen,Self-Help,1991,3
B0328,Analysis science understand compare,Karina Wilson,History,2004,2
B0329,Return or for,Michael Nguyen,Technology,2002,7
B0330,For better,Sheila Bennett,Mystery,1997,2
B0331,Available one approach,Daniel Lynch,Mystery,1983,4
B0332,Hold carry rest,Vanessa Harris,Technology,2008,3
B0333,Allow notice exactly,John Barnes,Sci-Fi,1996,3
B0334,Detail far church some,Susan Lane,Poetry,1995,2
B0335,Talk beat tax majority yet,Sara Ramirez,Sci-Fi,1987,5
B0336,Save east force often,Leslie Hernandez,Fantasy,1987,6
B0337,Together individual analysis yard safe,Jessica Foster,Biography,2009,1
B0338,Laugh drive,Alexandria Dennis,Poetry,2018,1
B0339,Car fast positive,John Torres,Poetry,1999,2
B0340,Teach section agency lawyer,Shelly Sullivan,Mystery,2008,6
B0341,Phone region ability physical,Michael Schmidt,Self-Help,2016,2
B0342,International especially watch,Rebecca French,Biography,2016,4
B0343,Per friend,Kayla Kent,Fantasy,2022,5
B0344,Thousand book half people,Christopher Hansen,Science,2021,4
B0345,Night similar,George Fernandez,Science,1981,7
B0346,Say sell that reflect,Paige Flores,Science,2006,6
B0347,Me institution approach,Jesse Mason,History,2006,1
B0348,Like mother stay,Jodi Richardson,Technology,2023,5
B0349,Could this,James White,Fantasy,2015,1
B0350,Body every,Kathleen Golden,Mystery,2006,2
B0351,Weight age indicate radio use,Jason Rojas,Technology,1980,1
B0352,Factor as,Crystal Meza,Romance,1982,4
B0353,In garden position for,Melissa Wilkinson,Biography,2009,3
B0354,Leader note together fill,Cristina Watson,Technology,2018,3
B0355,Show another good,Christopher Glass,Fantasy,1993,1
B0356,Expect win stuff realize project,David Williams,Sci-Fi,2024,4
B0357,Off kid hard day,Mary Spence,Biography,2006,2
B0358,Health music class,Thomas Sullivan,Biography,1980,2
B0359,Shoulder way until choose,Kimberly Romero,Fiction,2005,5
B0360,Listen face want,Ms. Bridget Cunningham,Biography,2002,2
B0361,Full both look always,Audrey Johnson,Poetry,1990,1
B0362,Subject land begin area political,Courtney Walls,Self-Help,1984,2
B0363,Cultural base support,Tina Daugherty,Fiction,1996,6
B0364,Create fish painting want,Heather Hernandez,Sci-Fi,2024,1
B0365,Hard health expect goal,Shelly Miller,Biography,1984,3
B0366,Score indeed kind clearly,Stephanie Chandler,Science,2000,3
B0367,Cause onto beat debate,Sean Hatfield,Fantasy,1998,5
B0368,Value opportunity,Aaron Fowler,Romance,1986,2
B0369,Increase new report,Breanna Lopez,Science,1984,5
B0370,Face make state few,Kathleen Singh,Biography,2002,2
B0371,Agree able enjoy,Sandra Kennedy,Biography,1994,2
B0372,Individual man reach,Bryan Ramirez,Biography,2024,5
B0373,Out gun,Mr. David Jennings,Science,2020,3
B0374,Health run adult,Kevin Thomas,Romance,2007,6
B0375,There career clear evening,Thomas Kelly,Self-Help,2006,4
B0376,Factor police baby,Mark Duran,Fantasy,1994,3
B0377,Sell myself their step rate,Michael Barker,History,1980,3
B0378,Move goal,Chad Campbell,Science,2006,7
B0379,Include TV clear design,Sandra Pope,Biography,2013,5
B0380,Party story moment mother necessary,Ashley Stevens,Science,2003,2
B0381,Bring capital,Gregory Vazquez,Biography,1982,2
B0382,Stage threat our,Gloria Mckinney,Self-Help,2002,5
B0383,Season budget,Michael Watts,Science,2002,5
B0384,By candidate bad,Rachel Jones,History,2010,6
B0385,Serious amount blue soldier,Amy Wilson,History,2020,1
B0386,Analysis feeling act,Caleb Guzman,Self-Help,1985,5
B0387,Top continue goal before suffer,Tiffany Bailey,Self-Help,1989,7
B0388,Talk sit party,Andrea Weiss,Romance,2017,5
B0389,More respond,Carolyn Webster,Biography,1982,3
B0390,Wind better,Jonathan Zimmerman,Mystery,1983,4
B0391,Recently continue pull blue,Vicki Coleman,Mystery,2015,7
B0392,Dinner both world buy book,Philip Bush,Self-Help,1984,5
B0393,Reveal bank management his lead,Melissa Randall,Romance,2009,6
B0394,Network fact talk,Benjamin Randall,History,2004,3
B0395,Voice happen actually purpose,Jennifer Mills,Technology,1993,1
B0396,Budget house,Vanessa Figueroa,Poetry,2015,7
B0397,Ask window full,Wanda Martinez,Science,2001,5
B0398,Rise everything require old,Richard Schneider,Mystery,2000,1
B0399,Green project wear would,Brittany Gibson,Poetry,2010,2
B0400,Economy market pick,Brett Brown,Fantasy,2011,3
B0401,Marriage ago,Larry Murphy,Sci-Fi,1988,1
B0402,Perform benefit baby,Patricia Sparks,Poetry,2011,2
B0403,Family marriage measure,Rhonda Fernandez,Mystery,1996,4
B0404,Weight all,Thomas Reyes,Biography,2004,3
B0405,Table kind along computer,Peggy Dyer,History,2016,6
B0406,Man care resource,Mr. Michael Keller,Fiction,1980,7
B0407,Occur live take media hot,Wesley Jensen MD,Self-Help,2015,1
B0408,Fly agreement and,Hannah Harmon,Self-Help,2003,2
B0409,She personal,Jeffrey Braun,Science,1994,7
B0410,Goal product easy possible,Susan Jones,Poetry,1985,1
B0411,Boy college Mrs,Matthew Henderson,Romance,2018,5
B0412,Top entire receive onto worry,James Armstrong,Self-Help,1996,2
B0413,Beyond push from me,Gina Mendez,Poetry,2020,5
B0414,Wide cut player wind,Samuel Lewis,Self-Help,1992,6
B0415,Answer you I,Patrick Davis,Mystery,1999,4
B0416,Behind front attack song little,Robert Pearson,History,1982,1
B0417,Measure feel professional,Jason King,Fiction,1991,7
B0418,Law shake Congress affect reflect,Laura Lewis,Romance,1980,1
B0419,Environmental point speak table,Taylor Barber,Technology,2005,7
B0420,Mission hair,Chris Jennings,Biography,2011,4
B0421,Such improve team,Madison Singleton,Sci-Fi,1998,3
B0422,Statement position either,Jennifer Wilson,Biography,2014,6
B0423,Agree someone financial,Dr. Javier Bullock,Fantasy,2012,6
B0424,City carry election,Mary Thompson,Sci-Fi,1983,3
B0425,White magazine,Scott Miller,Technology,1985,1
B0426,Fear as western to public,Jennifer Larsen,Fiction,2019,3
B0427,Door number matter,Matthew Carpenter,History,1980,5
B0428,Edge this draw business southern,Kevin Price,Poetry,1995,6
B0429,Very design blood,Donald Ortiz,Science,1992,6
B0430,Argue mouth record both nation,David Ramirez,Technology,1998,4
B0431,Guy resource start,Walter Obrien,Poetry,2022,2
B0432,Real small,Juan Parker,Self-Help,1999,7
B0433,Total rate movement door,Adam Yu,Biography,2023,7
B0434,Feeling view series,Scott Martin,Sci-Fi,2001,3
B0435,Place these short image,Sean Morrow,Self-Help,2016,7
B0436,Likely include subject response,Samantha Holloway,Science,1982,2
B0437,Media goal own,Nancy Chavez,Romance,1998,3
B0438,Seven political,Jeremy Davidson,Sci-Fi,1995,4
B0439,Husband pick,Bradley Moore,Fiction,1991,6
B0440,Require should power candidate order,Todd Hayes,History,1990,5
B0441,End reach step,Christina Perry,Poetry,1991,1
B0442,Hour help strong,Alicia Johnson,Mystery,2012,5
B0443,Positive phone trade wind cup,Caroline Morales,Self-Help,2007,6
B0444,Outside chance when color,Alexis Fox,History,2012,6
B0445,Still management difference data,Robin Adams,Sci-Fi,2020,3
B0446,High issue deal democratic,Monica Lopez,Mystery,1984,3
B0447,Impact certainly face,Luke Solomon,Sci-Fi,2009,7
B0448,Old positive beat light,Valerie Sanders,Romance,1983,1
B0449,Require remain save,Brandon Brown,Biography,1986,7
B0450,Use likely great paper,Rebekah Mckinney,Romance,1993,7
B0451,Accept mean,William Lambert,Technology,2008,4
B0452,Whose nice oil,Jonathan Conrad,Science,1997,7
B0453,Car fish most center,Andrew Anderson,Fantasy,2020,1
B0454,Security unit executive,Lisa Juarez,Science,2005,6
B0455,Might job close,Katherine Dodson,Fantasy,1996,2
B0456,Table price sometimes apply chance,Andrew Green,Mystery,1984,4
B0457,Job yet until American,Michael Washington,Self-Help,1984,2
B0458,Both rest challenge glass,Duane Conley,Fantasy,1999,1
B0459,State none production defense your,Randall White,Fiction,2006,1
B0460,East marriage,Gary Mitchell,Romance,1982,2
B0461,Hour opportunity week,Brittany Miller,Sci-Fi,2004,3
B0462,Law western order accept,Mary Tapia,Sci-Fi,2003,2
B0463,Water yourself trade someone,Scott Solis,Mystery,2001,2
B0464,Follow area audience,Jane Ross,Poetry,2018,3
B0465,Drive side human,Daniel Price,Mystery,1999,3
B0466,Expect sell pressure building,Jeffrey Drake MD,Self-Help,1999,4
B0467,Capital program story mention majority,Karen Hart,Technology,1999,3
B0468,Bed institution happy control,Anna Palmer,Sci-Fi,2009,5
B0469,Put positive require us,Maria Miller,Sci-Fi,2001,3
B0470,Join trade local chance,Steven Skinner,Mystery,1994,3
B0471,Into notice necessary true message,Jennifer Marshall,Fantasy,1988,1
B0472,Spend green one shoulder administration,Julie Hartman,Mystery,2020,3
B0473,And indicate region finish,Nicole Cole,Biography,1981,5
B0474,Game truth special,Blake Hendrix,Biography,1980,3
B0475,The blood move,Bruce Jackson,Fantasy,2004,2
B0476,Least if price season,Elizabeth Li,History,1994,3
B0477,Guess purpose real house few,Adrian Rodriguez,Mystery,2000,3
B0478,Receive could,John Thomas,Science,2001,4
B0479,Job personal so,Eric Ford,Sci-Fi,2009,1
B0480,Instead bring total school,John Smith,Fiction,2024,4
B0481,One cut notice street,Adam Mccoy,Romance,1988,4
B0482,Woman support say other,Donna Freeman,Technology,1980,2
B0483,Message right very toward,Crystal Brown,Biography,1988,5
B0484,Instead firm,Steven Butler,Fantasy,2011,6
B0485,Bring performance position large,Christopher Barber,Mystery,1996,2
B0486,Gas discussion detail training,Lance Kirby,Sci-Fi,2006,6
B0487,Capital fall represent where,Megan Navarro,Sci-Fi,2014,4
B0488,Son suddenly perform executive,Mary Anderson,Poetry,2000,7
B0489,Choose man soldier,Katherine Young,Self-Help,2007,7
B0490,Another adult thing ground city,Stephanie Johnson,Biography,2008,3
B0491,Front box,Justin Tucker,Self-Help,2006,2
B0492,Size show show news,Sarah Russo,Technology,2007,1
B0493,Prove relationship unit just lead,Ashley Rodriguez,Poetry,2020,2
B0494,Participant teach big none medical,Bruce Harris,Sci-Fi,1999,5
B0495,Church factor kid media,Annette Holland,Science,2018,1
B0496,Standard but dark wide,Adriana Davenport,History,2002,7
B0497,Game measure be head,Heather Ortega,Biography,2012,1
B0498,Send morning skin,Jeffrey Hardin,History,2022,2
B0499,Weight might radio want,Randy Robbins,Science,1990,5
B0500,Want be fire word clearly,Peter Keller,Sci-Fi,1982,6
